Domain Code,Domain,Area Code (FAO),Area,Element Code,Element,Months Code,Months,Year Code,Year,Unit,Value,Flag,Flag Description
"ET","Temperature change","185","Russian Federation","7271","Temperature change","7001","January","2001","2001","°C","-0.824","Fc","Calculated data"
"ET","Temperature change","185","Russian Federation","7271","Temperature change","7001","January","2002","2002","°C","2.735","Fc","Calculated data"
"ET","Temperature change","185","Russian Federation","7271","Temperature change","7001","January","2003","2003","°C","1.785","Fc","Calculated data"
"ET","Temperature change","185","Russian Federation","7271","Temperature change","7001","January","2004","2004","°C","2.463","Fc","Calculated data"
"ET","Temperature change","185","Russian Federation","7271","Temperature change","7001","January","2005","2005","°C","3.543","Fc","Calculated data"
"ET","Temperature change","185","Russian Federation","7271","Temperature change","7001","January","2006","2006","°C","-2.675","Fc","Calculated data"
"ET","Temperature change","185","Russian Federation","7271","Temperature change","7001","January","2007","2007","°C","6.703","Fc","Calculated data"
"ET","Temperature change","185","Russian Federation","7271","Temperature change","7001","January","2008","2008","°C","1.649","Fc","Calculated data"
"ET","Temperature change","185","Russian Federation","7271","Temperature change","7001","January","2009","2009","°C","2.239","Fc","Calculated data"
"ET","Temperature change","185","Russian Federation","7271","Temperature change","7001","January","2010","2010","°C","-1.016","Fc","Calculated data"
"ET","Temperature change","185","Russian Federation","7271","Temperature change","7001","January","2011","2011","°C","1.58","Fc","Calculated data"
"ET","Temperature change","185","Russian Federation","7271","Temperature change","7001","January","2012","2012","°C","1.469","Fc","Calculated data"
"ET","Temperature change","185","Russian Federation","7271","Temperature change","7001","January","2013","2013","°C","0.233","Fc","Calculated data"
"ET","Temperature change","185","Russian Federation","7271","Temperature change","7001","January","2014","2014","°C","-0.484","Fc","Calculated data"
"ET","Temperature change","185","Russian Federation","7271","Temperature change","7001","January","2015","2015","°C","3.164","Fc","Calculated data"
"ET","Temperature change","185","Russian Federation","7271","Temperature change","7001","January","2016","2016","°C","2.127","Fc","Calculated data"
"ET","Temperature change","185","Russian Federation","7271","Temperature change","7001","January","2017","2017","°C","2.656","Fc","Calculated data"
"ET","Temperature change","185","Russian Federation","7271","Temperature change","7001","January","2018","2018","°C","2.666","Fc","Calculated data"
"ET","Temperature change","185","Russian Federation","7271","Temperature change","7001","January","2019","2019","°C","2.964","Fc","Calculated data"
"ET","Temperature change","185","Russian Federation","6078","Standard Deviation","7001","January","2001","2001","°C","","NA",""
"ET","Temperature change","185","Russian Federation","6078","Standard Deviation","7001","January","2002","2002","°C","","NA",""
"ET","Temperature change","185","Russian Federation","6078","Standard Deviation","7001","January","2003","2003","°C","","NA",""
"ET","Temperature change","185","Russian Federation","6078","Standard Deviation","7001","January","2004","2004","°C","","NA",""
"ET","Temperature change","185","Russian Federation","6078","Standard Deviation","7001","January","2005","2005","°C","","NA",""
"ET","Temperature change","185","Russian Federation","6078","Standard Deviation","7001","January","2006","2006","°C","","NA",""
"ET","Temperature change","185","Russian Federation","6078","Standard Deviation","7001","January","2007","2007","°C","","NA",""
"ET","Temperature change","185","Russian Federation","6078","Standard Deviation","7001","January","2008","2008","°C","","NA",""
"ET","Temperature change","185","Russian Federation","6078","Standard Deviation","7001","January","2009","2009","°C","","NA",""
"ET","Temperature change","185","Russian Federation","6078","Standard Deviation","7001","January","2010","2010","°C","","NA",""
"ET","Temperature change","185","Russian Federation","6078","Standard Deviation","7001","January","2011","2011","°C","","NA",""
"ET","Temperature change","185","Russian Federation","6078","Standard Deviation","7001","January","2012","2012","°C","","NA",""
"ET","Temperature change","185","Russian Federation","6078","Standard Deviation","7001","January","2013","2013","°C","","NA",""
"ET","Temperature change","185","Russian Federation","6078","Standard Deviation","7001","January","2014","2014","°C","","NA",""
"ET","Temperature change","185","Russian Federation","6078","Standard Deviation","7001","January","2015","2015","°C","","NA",""
"ET","Temperature change","185","Russian Federation","6078","Standard Deviation","7001","January","2016","2016","°C","","NA",""
"ET","Temperature change","185","Russian Federation","6078","Standard Deviation","7001","January","2017","2017","°C","","NA",""
"ET","Temperature change","185","Russian Federation","6078","Standard Deviation","7001","January","2018","2018","°C","","NA",""
"ET","Temperature change","185","Russian Federation","6078","Standard Deviation","7001","January","2019","2019","°C","","NA",""
"ET","Temperature change","185","Russian Federation","7271","Temperature change","7002","February","2001","2001","°C","0.189","Fc","Calculated data"
"ET","Temperature change","185","Russian Federation","7271","Temperature change","7002","February","2002","2002","°C","4.693","Fc","Calculated data"
"ET","Temperature change","185","Russian Federation","7271","Temperature change","7002","February","2003","2003","°C","1.732","Fc","Calculated data"
"ET","Temperature change","185","Russian Federation","7271","Temperature change","7002","February","2004","2004","°C","2.071","Fc","Calculated data"
"ET","Temperature change","185","Russian Federation","7271","Temperature change","7002","February","2005","2005","°C","0.485","Fc","Calculated data"
"ET","Temperature change","185","Russian Federation","7271","Temperature change","7002","February","2006","2006","°C","0.844","Fc","Calculated data"
"ET","Temperature change","185","Russian Federation","7271","Temperature change","7002","February","2007","2007","°C","0.101","Fc","Calculated data"
"ET","Temperature change","185","Russian Federation","7271","Temperature change","7002","February","2008","2008","°C","4.282","Fc","Calculated data"
"ET","Temperature change","185","Russian Federation","7271","Temperature change","7002","February","2009","2009","°C","-0.648","Fc","Calculated data"
"ET","Temperature change","185","Russian Federation","7271","Temperature change","7002","February","2010","2010","°C","-1.359","Fc","Calculated data"
"ET","Temperature change","185","Russian Federation","7271","Temperature change","7002","February","2011","2011","°C","0.171","Fc","Calculated data"
"ET","Temperature change","185","Russian Federation","7271","Temperature change","7002","February","2012","2012","°C","1.129","Fc","Calculated data"
"ET","Temperature change","185","Russian Federation","7271","Temperature change","7002","February","2013","2013","°C","1.515","Fc","Calculated data"
"ET","Temperature change","185","Russian Federation","7271","Temperature change","7002","February","2014","2014","°C","1.679","Fc","Calculated data"
"ET","Temperature change","185","Russian Federation","7271","Temperature change","7002","February","2015","2015","°C","5.332","Fc","Calculated data"
"ET","Temperature change","185","Russian Federation","7271","Temperature change","7002","February","2016","2016","°C","5.819","Fc","Calculated data"
"ET","Temperature change","185","Russian Federation","7271","Temperature change","7002","February","2017","2017","°C","4.334","Fc","Calculated data"
"ET","Temperature change","185","Russian Federation","7271","Temperature change","7002","February","2018","2018","°C","3.048","Fc","Calculated data"
"ET","Temperature change","185","Russian Federation","7271","Temperature change","7002","February","2019","2019","°C","3.76","Fc","Calculated data"
"ET","Temperature change","185","Russian Federation","6078","Standard Deviation","7002","February","2001","2001","°C","","NA",""
"ET","Temperature change","185","Russian Federation","6078","Standard Deviation","7002","February","2002","2002","°C","","NA",""
"ET","Temperature change","185","Russian Federation","6078","Standard Deviation","7002","February","2003","2003","°C","","NA",""
"ET","Temperature change","185","Russian Federation","6078","Standard Deviation","7002","February","2004","2004","°C","","NA",""
"ET","Temperature change","185","Russian Federation","6078","Standard Deviation","7002","February","2005","2005","°C","","NA",""
"ET","Temperature change","185","Russian Federation","6078","Standard Deviation","7002","February","2006","2006","°C","","NA",""
"ET","Temperature change","185","Russian Federation","6078","Standard Deviation","7002","February","2007","2007","°C","","NA",""
"ET","Temperature change","185","Russian Federation","6078","Standard Deviation","7002","February","2008","2008","°C","","NA",""
"ET","Temperature change","185","Russian Federation","6078","Standard Deviation","7002","February","2009","2009","°C","","NA",""
"ET","Temperature change","185","Russian Federation","6078","Standard Deviation","7002","February","2010","2010","°C","","NA",""
"ET","Temperature change","185","Russian Federation","6078","Standard Deviation","7002","February","2011","2011","°C","","NA",""
"ET","Temperature change","185","Russian Federation","6078","Standard Deviation","7002","February","2012","2012","°C","","NA",""
"ET","Temperature change","185","Russian Federation","6078","Standard Deviation","7002","February","2013","2013","°C","","NA",""
"ET","Temperature change","185","Russian Federation","6078","Standard Deviation","7002","February","2014","2014","°C","","NA",""
"ET","Temperature change","185","Russian Federation","6078","Standard Deviation","7002","February","2015","2015","°C","","NA",""
"ET","Temperature change","185","Russian Federation","6078","Standard Deviation","7002","February","2016","2016","°C","","NA",""
"ET","Temperature change","185","Russian Federation","6078","Standard Deviation","7002","February","2017","2017","°C","","NA",""
"ET","Temperature change","185","Russian Federation","6078","Standard Deviation","7002","February","2018","2018","°C","","NA",""
"ET","Temperature change","185","Russian Federation","6078","Standard Deviation","7002","February","2019","2019","°C","","NA",""
"ET","Temperature change","185","Russian Federation","7271","Temperature change","7003","March","2001","2001","°C","1.182","Fc","Calculated data"
"ET","Temperature change","185","Russian Federation","7271","Temperature change","7003","March","2002","2002","°C","5.061","Fc","Calculated data"
"ET","Temperature change","185","Russian Federation","7271","Temperature change","7003","March","2003","2003","°C","2.777","Fc","Calculated data"
"ET","Temperature change","185","Russian Federation","7271","Temperature change","7003","March","2004","2004","°C","1.482","Fc","Calculated data"
"ET","Temperature change","185","Russian Federation","7271","Temperature change","7003","March","2005","2005","°C","1.309","Fc","Calculated data"
"ET","Temperature change","185","Russian Federation","7271","Temperature change","7003","March","2006","2006","°C","1.288","Fc","Calculated data"
"ET","Temperature change","185","Russian Federation","7271","Temperature change","7003","March","2007","2007","°C","3.211","Fc","Calculated data"
"ET","Temperature change","185","Russian Federation","7271","Temperature change","7003","March","2008","2008","°C","5.214","Fc","Calculated data"
"ET","Temperature change","185","Russian Federation","7271","Temperature change","7003","March","2009","2009","°C","1.636","Fc","Calculated data"
"ET","Temperature change","185","Russian Federation","7271","Temperature change","7003","March","2010","2010","°C","0.462","Fc","Calculated data"
"ET","Temperature change","185","Russian Federation","7271","Temperature change","7003","March","2011","2011","°C","4.416","Fc","Calculated data"
"ET","Temperature change","185","Russian Federation","7271","Temperature change","7003","March","2012","2012","°C","0.647","Fc","Calculated data"
"ET","Temperature change","185","Russian Federation","7271","Temperature change","7003","March","2013","2013","°C","-0.925","Fc","Calculated data"
"ET","Temperature change","185","Russian Federation","7271","Temperature change","7003","March","2014","2014","°C","5.172","Fc","Calculated data"
"ET","Temperature change","185","Russian Federation","7271","Temperature change","7003","March","2015","2015","°C","4.259","Fc","Calculated data"
"ET","Temperature change","185","Russian Federation","7271","Temperature change","7003","March","2016","2016","°C","4.541","Fc","Calculated data"
"ET","Temperature change","185","Russian Federation","7271","Temperature change","7003","March","2017","2017","°C","7.392","Fc","Calculated data"
"ET","Temperature change","185","Russian Federation","7271","Temperature change","7003","March","2018","2018","°C","0.405","Fc","Calculated data"
"ET","Temperature change","185","Russian Federation","7271","Temperature change","7003","March","2019","2019","°C","5.197","Fc","Calculated data"
"ET","Temperature change","185","Russian Federation","6078","Standard Deviation","7003","March","2001","2001","°C","","NA",""
"ET","Temperature change","185","Russian Federation","6078","Standard Deviation","7003","March","2002","2002","°C","","NA",""
"ET","Temperature change","185","Russian Federation","6078","Standard Deviation","7003","March","2003","2003","°C","","NA",""
"ET","Temperature change","185","Russian Federation","6078","Standard Deviation","7003","March","2004","2004","°C","","NA",""
"ET","Temperature change","185","Russian Federation","6078","Standard Deviation","7003","March","2005","2005","°C","","NA",""
"ET","Temperature change","185","Russian Federation","6078","Standard Deviation","7003","March","2006","2006","°C","","NA",""
"ET","Temperature change","185","Russian Federation","6078","Standard Deviation","7003","March","2007","2007","°C","","NA",""
"ET","Temperature change","185","Russian Federation","6078","Standard Deviation","7003","March","2008","2008","°C","","NA",""
"ET","Temperature change","185","Russian Federation","6078","Standard Deviation","7003","March","2009","2009","°C","","NA",""
"ET","Temperature change","185","Russian Federation","6078","Standard Deviation","7003","March","2010","2010","°C","","NA",""
"ET","Temperature change","185","Russian Federation","6078","Standard Deviation","7003","March","2011","2011","°C","","NA",""
"ET","Temperature change","185","Russian Federation","6078","Standard Deviation","7003","March","2012","2012","°C","","NA",""
"ET","Temperature change","185","Russian Federation","6078","Standard Deviation","7003","March","2013","2013","°C","","NA",""
"ET","Temperature change","185","Russian Federation","6078","Standard Deviation","7003","March","2014","2014","°C","","NA",""
"ET","Temperature change","185","Russian Federation","6078","Standard Deviation","7003","March","2015","2015","°C","","NA",""
"ET","Temperature change","185","Russian Federation","6078","Standard Deviation","7003","March","2016","2016","°C","","NA",""
"ET","Temperature change","185","Russian Federation","6078","Standard Deviation","7003","March","2017","2017","°C","","NA",""
"ET","Temperature change","185","Russian Federation","6078","Standard Deviation","7003","March","2018","2018","°C","","NA",""
"ET","Temperature change","185","Russian Federation","6078","Standard Deviation","7003","March","2019","2019","°C","","NA",""
"ET","Temperature change","185","Russian Federation","7271","Temperature change","7004","April","2001","2001","°C","1.328","Fc","Calculated data"
"ET","Temperature change","185","Russian Federation","7271","Temperature change","7004","April","2002","2002","°C","1.161","Fc","Calculated data"
"ET","Temperature change","185","Russian Federation","7271","Temperature change","7004","April","2003","2003","°C","1.339","Fc","Calculated data"
"ET","Temperature change","185","Russian Federation","7271","Temperature change","7004","April","2004","2004","°C","-0.119","Fc","Calculated data"
"ET","Temperature change","185","Russian Federation","7271","Temperature change","7004","April","2005","2005","°C","1.725","Fc","Calculated data"
"ET","Temperature change","185","Russian Federation","7271","Temperature change","7004","April","2006","2006","°C","-1.409","Fc","Calculated data"
"ET","Temperature change","185","Russian Federation","7271","Temperature change","7004","April","2007","2007","°C","4.09","Fc","Calculated data"
"ET","Temperature change","185","Russian Federation","7271","Temperature change","7004","April","2008","2008","°C","1.068","Fc","Calculated data"
"ET","Temperature change","185","Russian Federation","7271","Temperature change","7004","April","2009","2009","°C","2.19","Fc","Calculated data"
"ET","Temperature change","185","Russian Federation","7271","Temperature change","7004","April","2010","2010","°C","0.953","Fc","Calculated data"
"ET","Temperature change","185","Russian Federation","7271","Temperature change","7004","April","2011","2011","°C","3.867","Fc","Calculated data"
"ET","Temperature change","185","Russian Federation","7271","Temperature change","7004","April","2012","2012","°C","3.202","Fc","Calculated data"
"ET","Temperature change","185","Russian Federation","7271","Temperature change","7004","April","2013","2013","°C","2.602","Fc","Calculated data"
"ET","Temperature change","185","Russian Federation","7271","Temperature change","7004","April","2014","2014","°C","3.828","Fc","Calculated data"
"ET","Temperature change","185","Russian Federation","7271","Temperature change","7004","April","2015","2015","°C","2.233","Fc","Calculated data"
"ET","Temperature change","185","Russian Federation","7271","Temperature change","7004","April","2016","2016","°C","3.841","Fc","Calculated data"
"ET","Temperature change","185","Russian Federation","7271","Temperature change","7004","April","2017","2017","°C","2.879","Fc","Calculated data"
"ET","Temperature change","185","Russian Federation","7271","Temperature change","7004","April","2018","2018","°C","2.411","Fc","Calculated data"
"ET","Temperature change","185","Russian Federation","7271","Temperature change","7004","April","2019","2019","°C","3.041","Fc","Calculated data"
"ET","Temperature change","185","Russian Federation","6078","Standard Deviation","7004","April","2001","2001","°C","","NA",""
"ET","Temperature change","185","Russian Federation","6078","Standard Deviation","7004","April","2002","2002","°C","","NA",""
"ET","Temperature change","185","Russian Federation","6078","Standard Deviation","7004","April","2003","2003","°C","","NA",""
"ET","Temperature change","185","Russian Federation","6078","Standard Deviation","7004","April","2004","2004","°C","","NA",""
"ET","Temperature change","185","Russian Federation","6078","Standard Deviation","7004","April","2005","2005","°C","","NA",""
"ET","Temperature change","185","Russian Federation","6078","Standard Deviation","7004","April","2006","2006","°C","","NA",""
"ET","Temperature change","185","Russian Federation","6078","Standard Deviation","7004","April","2007","2007","°C","","NA",""
"ET","Temperature change","185","Russian Federation","6078","Standard Deviation","7004","April","2008","2008","°C","","NA",""
"ET","Temperature change","185","Russian Federation","6078","Standard Deviation","7004","April","2009","2009","°C","","NA",""
"ET","Temperature change","185","Russian Federation","6078","Standard Deviation","7004","April","2010","2010","°C","","NA",""
"ET","Temperature change","185","Russian Federation","6078","Standard Deviation","7004","April","2011","2011","°C","","NA",""
"ET","Temperature change","185","Russian Federation","6078","Standard Deviation","7004","April","2012","2012","°C","","NA",""
"ET","Temperature change","185","Russian Federation","6078","Standard Deviation","7004","April","2013","2013","°C","","NA",""
"ET","Temperature change","185","Russian Federation","6078","Standard Deviation","7004","April","2014","2014","°C","","NA",""
"ET","Temperature change","185","Russian Federation","6078","Standard Deviation","7004","April","2015","2015","°C","","NA",""
"ET","Temperature change","185","Russian Federation","6078","Standard Deviation","7004","April","2016","2016","°C","","NA",""
"ET","Temperature change","185","Russian Federation","6078","Standard Deviation","7004","April","2017","2017","°C","","NA",""
"ET","Temperature change","185","Russian Federation","6078","Standard Deviation","7004","April","2018","2018","°C","","NA",""
"ET","Temperature change","185","Russian Federation","6078","Standard Deviation","7004","April","2019","2019","°C","","NA",""
"ET","Temperature change","185","Russian Federation","7271","Temperature change","7005","May","2001","2001","°C","1.993","Fc","Calculated data"
"ET","Temperature change","185","Russian Federation","7271","Temperature change","7005","May","2002","2002","°C","1.291","Fc","Calculated data"
"ET","Temperature change","185","Russian Federation","7271","Temperature change","7005","May","2003","2003","°C","1.538","Fc","Calculated data"
"ET","Temperature change","185","Russian Federation","7271","Temperature change","7005","May","2004","2004","°C","0.975","Fc","Calculated data"
"ET","Temperature change","185","Russian Federation","7271","Temperature change","7005","May","2005","2005","°C","2.217","Fc","Calculated data"
"ET","Temperature change","185","Russian Federation","7271","Temperature change","7005","May","2006","2006","°C","0.816","Fc","Calculated data"
"ET","Temperature change","185","Russian Federation","7271","Temperature change","7005","May","2007","2007","°C","1.771","Fc","Calculated data"
"ET","Temperature change","185","Russian Federation","7271","Temperature change","7005","May","2008","2008","°C","1.214","Fc","Calculated data"
"ET","Temperature change","185","Russian Federation","7271","Temperature change","7005","May","2009","2009","°C","1.02","Fc","Calculated data"
"ET","Temperature change","185","Russian Federation","7271","Temperature change","7005","May","2010","2010","°C","2.554","Fc","Calculated data"
"ET","Temperature change","185","Russian Federation","7271","Temperature change","7005","May","2011","2011","°C","2.033","Fc","Calculated data"
"ET","Temperature change","185","Russian Federation","7271","Temperature change","7005","May","2012","2012","°C","2.646","Fc","Calculated data"
"ET","Temperature change","185","Russian Federation","7271","Temperature change","7005","May","2013","2013","°C","2.526","Fc","Calculated data"
"ET","Temperature change","185","Russian Federation","7271","Temperature change","7005","May","2014","2014","°C","1.994","Fc","Calculated data"
"ET","Temperature change","185","Russian Federation","7271","Temperature change","7005","May","2015","2015","°C","2.023","Fc","Calculated data"
"ET","Temperature change","185","Russian Federation","7271","Temperature change","7005","May","2016","2016","°C","1.766","Fc","Calculated data"
"ET","Temperature change","185","Russian Federation","7271","Temperature change","7005","May","2017","2017","°C","0.398","Fc","Calculated data"
"ET","Temperature change","185","Russian Federation","7271","Temperature change","7005","May","2018","2018","°C","0.994","Fc","Calculated data"
"ET","Temperature change","185","Russian Federation","7271","Temperature change","7005","May","2019","2019","°C","1.944","Fc","Calculated data"
"ET","Temperature change","185","Russian Federation","6078","Standard Deviation","7005","May","2001","2001","°C","","NA",""
"ET","Temperature change","185","Russian Federation","6078","Standard Deviation","7005","May","2002","2002","°C","","NA",""
"ET","Temperature change","185","Russian Federation","6078","Standard Deviation","7005","May","2003","2003","°C","","NA",""
"ET","Temperature change","185","Russian Federation","6078","Standard Deviation","7005","May","2004","2004","°C","","NA",""
"ET","Temperature change","185","Russian Federation","6078","Standard Deviation","7005","May","2005","2005","°C","","NA",""
"ET","Temperature change","185","Russian Federation","6078","Standard Deviation","7005","May","2006","2006","°C","","NA",""
"ET","Temperature change","185","Russian Federation","6078","Standard Deviation","7005","May","2007","2007","°C","","NA",""
"ET","Temperature change","185","Russian Federation","6078","Standard Deviation","7005","May","2008","2008","°C","","NA",""
"ET","Temperature change","185","Russian Federation","6078","Standard Deviation","7005","May","2009","2009","°C","","NA",""
"ET","Temperature change","185","Russian Federation","6078","Standard Deviation","7005","May","2010","2010","°C","","NA",""
"ET","Temperature change","185","Russian Federation","6078","Standard Deviation","7005","May","2011","2011","°C","","NA",""
"ET","Temperature change","185","Russian Federation","6078","Standard Deviation","7005","May","2012","2012","°C","","NA",""
"ET","Temperature change","185","Russian Federation","6078","Standard Deviation","7005","May","2013","2013","°C","","NA",""
"ET","Temperature change","185","Russian Federation","6078","Standard Deviation","7005","May","2014","2014","°C","","NA",""
"ET","Temperature change","185","Russian Federation","6078","Standard Deviation","7005","May","2015","2015","°C","","NA",""
"ET","Temperature change","185","Russian Federation","6078","Standard Deviation","7005","May","2016","2016","°C","","NA",""
"ET","Temperature change","185","Russian Federation","6078","Standard Deviation","7005","May","2017","2017","°C","","NA",""
"ET","Temperature change","185","Russian Federation","6078","Standard Deviation","7005","May","2018","2018","°C","","NA",""
"ET","Temperature change","185","Russian Federation","6078","Standard Deviation","7005","May","2019","2019","°C","","NA",""
"ET","Temperature change","185","Russian Federation","7271","Temperature change","7006","June","2001","2001","°C","1.286","Fc","Calculated data"
"ET","Temperature change","185","Russian Federation","7271","Temperature change","7006","June","2002","2002","°C","1.172","Fc","Calculated data"
"ET","Temperature change","185","Russian Federation","7271","Temperature change","7006","June","2003","2003","°C","0.367","Fc","Calculated data"
"ET","Temperature change","185","Russian Federation","7271","Temperature change","7006","June","2004","2004","°C","0.545","Fc","Calculated data"
"ET","Temperature change","185","Russian Federation","7271","Temperature change","7006","June","2005","2005","°C","1.253","Fc","Calculated data"
"ET","Temperature change","185","Russian Federation","7271","Temperature change","7006","June","2006","2006","°C","1.903","Fc","Calculated data"
"ET","Temperature change","185","Russian Federation","7271","Temperature change","7006","June","2007","2007","°C","0.608","Fc","Calculated data"
"ET","Temperature change","185","Russian Federation","7271","Temperature change","7006","June","2008","2008","°C","1.11","Fc","Calculated data"
"ET","Temperature change","185","Russian Federation","7271","Temperature change","7006","June","2009","2009","°C","0.949","Fc","Calculated data"
"ET","Temperature change","185","Russian Federation","7271","Temperature change","7006","June","2010","2010","°C","1.599","Fc","Calculated data"
"ET","Temperature change","185","Russian Federation","7271","Temperature change","7006","June","2011","2011","°C","1.979","Fc","Calculated data"
"ET","Temperature change","185","Russian Federation","7271","Temperature change","7006","June","2012","2012","°C","2.716","Fc","Calculated data"
"ET","Temperature change","185","Russian Federation","7271","Temperature change","7006","June","2013","2013","°C","1.537","Fc","Calculated data"
"ET","Temperature change","185","Russian Federation","7271","Temperature change","7006","June","2014","2014","°C","0.994","Fc","Calculated data"
"ET","Temperature change","185","Russian Federation","7271","Temperature change","7006","June","2015","2015","°C","2.034","Fc","Calculated data"
"ET","Temperature change","185","Russian Federation","7271","Temperature change","7006","June","2016","2016","°C","1.915","Fc","Calculated data"
"ET","Temperature change","185","Russian Federation","7271","Temperature change","7006","June","2017","2017","°C","1.163","Fc","Calculated data"
"ET","Temperature change","185","Russian Federation","7271","Temperature change","7006","June","2018","2018","°C","1.665","Fc","Calculated data"
"ET","Temperature change","185","Russian Federation","7271","Temperature change","7006","June","2019","2019","°C","1.769","Fc","Calculated data"
"ET","Temperature change","185","Russian Federation","6078","Standard Deviation","7006","June","2001","2001","°C","","NA",""
"ET","Temperature change","185","Russian Federation","6078","Standard Deviation","7006","June","2002","2002","°C","","NA",""
"ET","Temperature change","185","Russian Federation","6078","Standard Deviation","7006","June","2003","2003","°C","","NA",""
"ET","Temperature change","185","Russian Federation","6078","Standard Deviation","7006","June","2004","2004","°C","","NA",""
"ET","Temperature change","185","Russian Federation","6078","Standard Deviation","7006","June","2005","2005","°C","","NA",""
"ET","Temperature change","185","Russian Federation","6078","Standard Deviation","7006","June","2006","2006","°C","","NA",""
"ET","Temperature change","185","Russian Federation","6078","Standard Deviation","7006","June","2007","2007","°C","","NA",""
"ET","Temperature change","185","Russian Federation","6078","Standard Deviation","7006","June","2008","2008","°C","","NA",""
"ET","Temperature change","185","Russian Federation","6078","Standard Deviation","7006","June","2009","2009","°C","","NA",""
"ET","Temperature change","185","Russian Federation","6078","Standard Deviation","7006","June","2010","2010","°C","","NA",""
"ET","Temperature change","185","Russian Federation","6078","Standard Deviation","7006","June","2011","2011","°C","","NA",""
"ET","Temperature change","185","Russian Federation","6078","Standard Deviation","7006","June","2012","2012","°C","","NA",""
"ET","Temperature change","185","Russian Federation","6078","Standard Deviation","7006","June","2013","2013","°C","","NA",""
"ET","Temperature change","185","Russian Federation","6078","Standard Deviation","7006","June","2014","2014","°C","","NA",""
"ET","Temperature change","185","Russian Federation","6078","Standard Deviation","7006","June","2015","2015","°C","","NA",""
"ET","Temperature change","185","Russian Federation","6078","Standard Deviation","7006","June","2016","2016","°C","","NA",""
"ET","Temperature change","185","Russian Federation","6078","Standard Deviation","7006","June","2017","2017","°C","","NA",""
"ET","Temperature change","185","Russian Federation","6078","Standard Deviation","7006","June","2018","2018","°C","","NA",""
"ET","Temperature change","185","Russian Federation","6078","Standard Deviation","7006","June","2019","2019","°C","","NA",""
"ET","Temperature change","185","Russian Federation","7271","Temperature change","7007","July","2001","2001","°C","1.353","Fc","Calculated data"
"ET","Temperature change","185","Russian Federation","7271","Temperature change","7007","July","2002","2002","°C","1.099","Fc","Calculated data"
"ET","Temperature change","185","Russian Federation","7271","Temperature change","7007","July","2003","2003","°C","0.832","Fc","Calculated data"
"ET","Temperature change","185","Russian Federation","7271","Temperature change","7007","July","2004","2004","°C","0.457","Fc","Calculated data"
"ET","Temperature change","185","Russian Federation","7271","Temperature change","7007","July","2005","2005","°C","1.1","Fc","Calculated data"
"ET","Temperature change","185","Russian Federation","7271","Temperature change","7007","July","2006","2006","°C","0.295","Fc","Calculated data"
"ET","Temperature change","185","Russian Federation","7271","Temperature change","7007","July","2007","2007","°C","1.132","Fc","Calculated data"
"ET","Temperature change","185","Russian Federation","7271","Temperature change","7007","July","2008","2008","°C","0.75","Fc","Calculated data"
"ET","Temperature change","185","Russian Federation","7271","Temperature change","7007","July","2009","2009","°C","0.303","Fc","Calculated data"
"ET","Temperature change","185","Russian Federation","7271","Temperature change","7007","July","2010","2010","°C","1.77","Fc","Calculated data"
"ET","Temperature change","185","Russian Federation","7271","Temperature change","7007","July","2011","2011","°C","1.279","Fc","Calculated data"
"ET","Temperature change","185","Russian Federation","7271","Temperature change","7007","July","2012","2012","°C","1.559","Fc","Calculated data"
"ET","Temperature change","185","Russian Federation","7271","Temperature change","7007","July","2013","2013","°C","0.953","Fc","Calculated data"
"ET","Temperature change","185","Russian Federation","7271","Temperature change","7007","July","2014","2014","°C","0.141","Fc","Calculated data"
"ET","Temperature change","185","Russian Federation","7271","Temperature change","7007","July","2015","2015","°C","0.623","Fc","Calculated data"
"ET","Temperature change","185","Russian Federation","7271","Temperature change","7007","July","2016","2016","°C","1.561","Fc","Calculated data"
"ET","Temperature change","185","Russian Federation","7271","Temperature change","7007","July","2017","2017","°C","0.494","Fc","Calculated data"
"ET","Temperature change","185","Russian Federation","7271","Temperature change","7007","July","2018","2018","°C","0.852","Fc","Calculated data"
"ET","Temperature change","185","Russian Federation","7271","Temperature change","7007","July","2019","2019","°C","0.528","Fc","Calculated data"
"ET","Temperature change","185","Russian Federation","6078","Standard Deviation","7007","July","2001","2001","°C","","NA",""
"ET","Temperature change","185","Russian Federation","6078","Standard Deviation","7007","July","2002","2002","°C","","NA",""
"ET","Temperature change","185","Russian Federation","6078","Standard Deviation","7007","July","2003","2003","°C","","NA",""
"ET","Temperature change","185","Russian Federation","6078","Standard Deviation","7007","July","2004","2004","°C","","NA",""
"ET","Temperature change","185","Russian Federation","6078","Standard Deviation","7007","July","2005","2005","°C","","NA",""
"ET","Temperature change","185","Russian Federation","6078","Standard Deviation","7007","July","2006","2006","°C","","NA",""
"ET","Temperature change","185","Russian Federation","6078","Standard Deviation","7007","July","2007","2007","°C","","NA",""
"ET","Temperature change","185","Russian Federation","6078","Standard Deviation","7007","July","2008","2008","°C","","NA",""
"ET","Temperature change","185","Russian Federation","6078","Standard Deviation","7007","July","2009","2009","°C","","NA",""
"ET","Temperature change","185","Russian Federation","6078","Standard Deviation","7007","July","2010","2010","°C","","NA",""
"ET","Temperature change","185","Russian Federation","6078","Standard Deviation","7007","July","2011","2011","°C","","NA",""
"ET","Temperature change","185","Russian Federation","6078","Standard Deviation","7007","July","2012","2012","°C","","NA",""
"ET","Temperature change","185","Russian Federation","6078","Standard Deviation","7007","July","2013","2013","°C","","NA",""
"ET","Temperature change","185","Russian Federation","6078","Standard Deviation","7007","July","2014","2014","°C","","NA",""
"ET","Temperature change","185","Russian Federation","6078","Standard Deviation","7007","July","2015","2015","°C","","NA",""
"ET","Temperature change","185","Russian Federation","6078","Standard Deviation","7007","July","2016","2016","°C","","NA",""
"ET","Temperature change","185","Russian Federation","6078","Standard Deviation","7007","July","2017","2017","°C","","NA",""
"ET","Temperature change","185","Russian Federation","6078","Standard Deviation","7007","July","2018","2018","°C","","NA",""
"ET","Temperature change","185","Russian Federation","6078","Standard Deviation","7007","July","2019","2019","°C","","NA",""
"ET","Temperature change","185","Russian Federation","7271","Temperature change","7008","August","2001","2001","°C","1.1","Fc","Calculated data"
"ET","Temperature change","185","Russian Federation","7271","Temperature change","7008","August","2002","2002","°C","0.47","Fc","Calculated data"
"ET","Temperature change","185","Russian Federation","7271","Temperature change","7008","August","2003","2003","°C","1.378","Fc","Calculated data"
"ET","Temperature change","185","Russian Federation","7271","Temperature change","7008","August","2004","2004","°C","0.155","Fc","Calculated data"
"ET","Temperature change","185","Russian Federation","7271","Temperature change","7008","August","2005","2005","°C","0.83","Fc","Calculated data"
"ET","Temperature change","185","Russian Federation","7271","Temperature change","7008","August","2006","2006","°C","0.521","Fc","Calculated data"
"ET","Temperature change","185","Russian Federation","7271","Temperature change","7008","August","2007","2007","°C","1.836","Fc","Calculated data"
"ET","Temperature change","185","Russian Federation","7271","Temperature change","7008","August","2008","2008","°C","1.113","Fc","Calculated data"
"ET","Temperature change","185","Russian Federation","7271","Temperature change","7008","August","2009","2009","°C","0.437","Fc","Calculated data"
"ET","Temperature change","185","Russian Federation","7271","Temperature change","7008","August","2010","2010","°C","1.279","Fc","Calculated data"
"ET","Temperature change","185","Russian Federation","7271","Temperature change","7008","August","2011","2011","°C","0.728","Fc","Calculated data"
"ET","Temperature change","185","Russian Federation","7271","Temperature change","7008","August","2012","2012","°C","0.494","Fc","Calculated data"
"ET","Temperature change","185","Russian Federation","7271","Temperature change","7008","August","2013","2013","°C","1.129","Fc","Calculated data"
"ET","Temperature change","185","Russian Federation","7271","Temperature change","7008","August","2014","2014","°C","1.514","Fc","Calculated data"
"ET","Temperature change","185","Russian Federation","7271","Temperature change","7008","August","2015","2015","°C","0.849","Fc","Calculated data"
"ET","Temperature change","185","Russian Federation","7271","Temperature change","7008","August","2016","2016","°C","1.998","Fc","Calculated data"
"ET","Temperature change","185","Russian Federation","7271","Temperature change","7008","August","2017","2017","°C","1.589","Fc","Calculated data"
"ET","Temperature change","185","Russian Federation","7271","Temperature change","7008","August","2018","2018","°C","1.274","Fc","Calculated data"
"ET","Temperature change","185","Russian Federation","7271","Temperature change","7008","August","2019","2019","°C","1.021","Fc","Calculated data"
"ET","Temperature change","185","Russian Federation","6078","Standard Deviation","7008","August","2001","2001","°C","","NA",""
"ET","Temperature change","185","Russian Federation","6078","Standard Deviation","7008","August","2002","2002","°C","","NA",""
"ET","Temperature change","185","Russian Federation","6078","Standard Deviation","7008","August","2003","2003","°C","","NA",""
"ET","Temperature change","185","Russian Federation","6078","Standard Deviation","7008","August","2004","2004","°C","","NA",""
"ET","Temperature change","185","Russian Federation","6078","Standard Deviation","7008","August","2005","2005","°C","","NA",""
"ET","Temperature change","185","Russian Federation","6078","Standard Deviation","7008","August","2006","2006","°C","","NA",""
"ET","Temperature change","185","Russian Federation","6078","Standard Deviation","7008","August","2007","2007","°C","","NA",""
"ET","Temperature change","185","Russian Federation","6078","Standard Deviation","7008","August","2008","2008","°C","","NA",""
"ET","Temperature change","185","Russian Federation","6078","Standard Deviation","7008","August","2009","2009","°C","","NA",""
"ET","Temperature change","185","Russian Federation","6078","Standard Deviation","7008","August","2010","2010","°C","","NA",""
"ET","Temperature change","185","Russian Federation","6078","Standard Deviation","7008","August","2011","2011","°C","","NA",""
"ET","Temperature change","185","Russian Federation","6078","Standard Deviation","7008","August","2012","2012","°C","","NA",""
"ET","Temperature change","185","Russian Federation","6078","Standard Deviation","7008","August","2013","2013","°C","","NA",""
"ET","Temperature change","185","Russian Federation","6078","Standard Deviation","7008","August","2014","2014","°C","","NA",""
"ET","Temperature change","185","Russian Federation","6078","Standard Deviation","7008","August","2015","2015","°C","","NA",""
"ET","Temperature change","185","Russian Federation","6078","Standard Deviation","7008","August","2016","2016","°C","","NA",""
"ET","Temperature change","185","Russian Federation","6078","Standard Deviation","7008","August","2017","2017","°C","","NA",""
"ET","Temperature change","185","Russian Federation","6078","Standard Deviation","7008","August","2018","2018","°C","","NA",""
"ET","Temperature change","185","Russian Federation","6078","Standard Deviation","7008","August","2019","2019","°C","","NA",""
"ET","Temperature change","185","Russian Federation","7271","Temperature change","7009","September","2001","2001","°C","-0.14","Fc","Calculated data"
"ET","Temperature change","185","Russian Federation","7271","Temperature change","7009","September","2002","2002","°C","0.222","Fc","Calculated data"
"ET","Temperature change","185","Russian Federation","7271","Temperature change","7009","September","2003","2003","°C","1.28","Fc","Calculated data"
"ET","Temperature change","185","Russian Federation","7271","Temperature change","7009","September","2004","2004","°C","0.876","Fc","Calculated data"
"ET","Temperature change","185","Russian Federation","7271","Temperature change","7009","September","2005","2005","°C","1.816","Fc","Calculated data"
"ET","Temperature change","185","Russian Federation","7271","Temperature change","7009","September","2006","2006","°C","1.408","Fc","Calculated data"
"ET","Temperature change","185","Russian Federation","7271","Temperature change","7009","September","2007","2007","°C","1.557","Fc","Calculated data"
"ET","Temperature change","185","Russian Federation","7271","Temperature change","7009","September","2008","2008","°C","0.341","Fc","Calculated data"
"ET","Temperature change","185","Russian Federation","7271","Temperature change","7009","September","2009","2009","°C","1.6","Fc","Calculated data"
"ET","Temperature change","185","Russian Federation","7271","Temperature change","7009","September","2010","2010","°C","0.509","Fc","Calculated data"
"ET","Temperature change","185","Russian Federation","7271","Temperature change","7009","September","2011","2011","°C","0.723","Fc","Calculated data"
"ET","Temperature change","185","Russian Federation","7271","Temperature change","7009","September","2012","2012","°C","1.613","Fc","Calculated data"
"ET","Temperature change","185","Russian Federation","7271","Temperature change","7009","September","2013","2013","°C","-0.203","Fc","Calculated data"
"ET","Temperature change","185","Russian Federation","7271","Temperature change","7009","September","2014","2014","°C","0.176","Fc","Calculated data"
"ET","Temperature change","185","Russian Federation","7271","Temperature change","7009","September","2015","2015","°C","1.253","Fc","Calculated data"
"ET","Temperature change","185","Russian Federation","7271","Temperature change","7009","September","2016","2016","°C","2.045","Fc","Calculated data"
"ET","Temperature change","185","Russian Federation","7271","Temperature change","7009","September","2017","2017","°C","0.458","Fc","Calculated data"
"ET","Temperature change","185","Russian Federation","7271","Temperature change","7009","September","2018","2018","°C","1.799","Fc","Calculated data"
"ET","Temperature change","185","Russian Federation","7271","Temperature change","7009","September","2019","2019","°C","0.841","Fc","Calculated data"
"ET","Temperature change","185","Russian Federation","6078","Standard Deviation","7009","September","2001","2001","°C","","NA",""
"ET","Temperature change","185","Russian Federation","6078","Standard Deviation","7009","September","2002","2002","°C","","NA",""
"ET","Temperature change","185","Russian Federation","6078","Standard Deviation","7009","September","2003","2003","°C","","NA",""
"ET","Temperature change","185","Russian Federation","6078","Standard Deviation","7009","September","2004","2004","°C","","NA",""
"ET","Temperature change","185","Russian Federation","6078","Standard Deviation","7009","September","2005","2005","°C","","NA",""
"ET","Temperature change","185","Russian Federation","6078","Standard Deviation","7009","September","2006","2006","°C","","NA",""
"ET","Temperature change","185","Russian Federation","6078","Standard Deviation","7009","September","2007","2007","°C","","NA",""
"ET","Temperature change","185","Russian Federation","6078","Standard Deviation","7009","September","2008","2008","°C","","NA",""
"ET","Temperature change","185","Russian Federation","6078","Standard Deviation","7009","September","2009","2009","°C","","NA",""
"ET","Temperature change","185","Russian Federation","6078","Standard Deviation","7009","September","2010","2010","°C","","NA",""
"ET","Temperature change","185","Russian Federation","6078","Standard Deviation","7009","September","2011","2011","°C","","NA",""
"ET","Temperature change","185","Russian Federation","6078","Standard Deviation","7009","September","2012","2012","°C","","NA",""
"ET","Temperature change","185","Russian Federation","6078","Standard Deviation","7009","September","2013","2013","°C","","NA",""
"ET","Temperature change","185","Russian Federation","6078","Standard Deviation","7009","September","2014","2014","°C","","NA",""
"ET","Temperature change","185","Russian Federation","6078","Standard Deviation","7009","September","2015","2015","°C","","NA",""
"ET","Temperature change","185","Russian Federation","6078","Standard Deviation","7009","September","2016","2016","°C","","NA",""
"ET","Temperature change","185","Russian Federation","6078","Standard Deviation","7009","September","2017","2017","°C","","NA",""
"ET","Temperature change","185","Russian Federation","6078","Standard Deviation","7009","September","2018","2018","°C","","NA",""
"ET","Temperature change","185","Russian Federation","6078","Standard Deviation","7009","September","2019","2019","°C","","NA",""
"ET","Temperature change","185","Russian Federation","7271","Temperature change","7010","October","2001","2001","°C","0.315","Fc","Calculated data"
"ET","Temperature change","185","Russian Federation","7271","Temperature change","7010","October","2002","2002","°C","0.341","Fc","Calculated data"
"ET","Temperature change","185","Russian Federation","7271","Temperature change","7010","October","2003","2003","°C","2.116","Fc","Calculated data"
"ET","Temperature change","185","Russian Federation","7271","Temperature change","7010","October","2004","2004","°C","0.649","Fc","Calculated data"
"ET","Temperature change","185","Russian Federation","7271","Temperature change","7010","October","2005","2005","°C","2.922","Fc","Calculated data"
"ET","Temperature change","185","Russian Federation","7271","Temperature change","7010","October","2006","2006","°C","0.346","Fc","Calculated data"
"ET","Temperature change","185","Russian Federation","7271","Temperature change","7010","October","2007","2007","°C","2.854","Fc","Calculated data"
"ET","Temperature change","185","Russian Federation","7271","Temperature change","7010","October","2008","2008","°C","3.383","Fc","Calculated data"
"ET","Temperature change","185","Russian Federation","7271","Temperature change","7010","October","2009","2009","°C","2.194","Fc","Calculated data"
"ET","Temperature change","185","Russian Federation","7271","Temperature change","7010","October","2010","2010","°C","1.777","Fc","Calculated data"
"ET","Temperature change","185","Russian Federation","7271","Temperature change","7010","October","2011","2011","°C","3.248","Fc","Calculated data"
"ET","Temperature change","185","Russian Federation","7271","Temperature change","7010","October","2012","2012","°C","2.099","Fc","Calculated data"
"ET","Temperature change","185","Russian Federation","7271","Temperature change","7010","October","2013","2013","°C","0.853","Fc","Calculated data"
"ET","Temperature change","185","Russian Federation","7271","Temperature change","7010","October","2014","2014","°C","-0.039","Fc","Calculated data"
"ET","Temperature change","185","Russian Federation","7271","Temperature change","7010","October","2015","2015","°C","1.118","Fc","Calculated data"
"ET","Temperature change","185","Russian Federation","7271","Temperature change","7010","October","2016","2016","°C","0.695","Fc","Calculated data"
"ET","Temperature change","185","Russian Federation","7271","Temperature change","7010","October","2017","2017","°C","1.099","Fc","Calculated data"
"ET","Temperature change","185","Russian Federation","7271","Temperature change","7010","October","2018","2018","°C","4.239","Fc","Calculated data"
"ET","Temperature change","185","Russian Federation","7271","Temperature change","7010","October","2019","2019","°C","2.641","Fc","Calculated data"
"ET","Temperature change","185","Russian Federation","6078","Standard Deviation","7010","October","2001","2001","°C","","NA",""
"ET","Temperature change","185","Russian Federation","6078","Standard Deviation","7010","October","2002","2002","°C","","NA",""
"ET","Temperature change","185","Russian Federation","6078","Standard Deviation","7010","October","2003","2003","°C","","NA",""
"ET","Temperature change","185","Russian Federation","6078","Standard Deviation","7010","October","2004","2004","°C","","NA",""
"ET","Temperature change","185","Russian Federation","6078","Standard Deviation","7010","October","2005","2005","°C","","NA",""
"ET","Temperature change","185","Russian Federation","6078","Standard Deviation","7010","October","2006","2006","°C","","NA",""
"ET","Temperature change","185","Russian Federation","6078","Standard Deviation","7010","October","2007","2007","°C","","NA",""
"ET","Temperature change","185","Russian Federation","6078","Standard Deviation","7010","October","2008","2008","°C","","NA",""
"ET","Temperature change","185","Russian Federation","6078","Standard Deviation","7010","October","2009","2009","°C","","NA",""
"ET","Temperature change","185","Russian Federation","6078","Standard Deviation","7010","October","2010","2010","°C","","NA",""
"ET","Temperature change","185","Russian Federation","6078","Standard Deviation","7010","October","2011","2011","°C","","NA",""
"ET","Temperature change","185","Russian Federation","6078","Standard Deviation","7010","October","2012","2012","°C","","NA",""
"ET","Temperature change","185","Russian Federation","6078","Standard Deviation","7010","October","2013","2013","°C","","NA",""
"ET","Temperature change","185","Russian Federation","6078","Standard Deviation","7010","October","2014","2014","°C","","NA",""
"ET","Temperature change","185","Russian Federation","6078","Standard Deviation","7010","October","2015","2015","°C","","NA",""
"ET","Temperature change","185","Russian Federation","6078","Standard Deviation","7010","October","2016","2016","°C","","NA",""
"ET","Temperature change","185","Russian Federation","6078","Standard Deviation","7010","October","2017","2017","°C","","NA",""
"ET","Temperature change","185","Russian Federation","6078","Standard Deviation","7010","October","2018","2018","°C","","NA",""
"ET","Temperature change","185","Russian Federation","6078","Standard Deviation","7010","October","2019","2019","°C","","NA",""
"ET","Temperature change","185","Russian Federation","7271","Temperature change","7011","November","2001","2001","°C","3.64","Fc","Calculated data"
"ET","Temperature change","185","Russian Federation","7271","Temperature change","7011","November","2002","2002","°C","0.985","Fc","Calculated data"
"ET","Temperature change","185","Russian Federation","7271","Temperature change","7011","November","2003","2003","°C","0.175","Fc","Calculated data"
"ET","Temperature change","185","Russian Federation","7271","Temperature change","7011","November","2004","2004","°C","3.518","Fc","Calculated data"
"ET","Temperature change","185","Russian Federation","7271","Temperature change","7011","November","2005","2005","°C","4.4","Fc","Calculated data"
"ET","Temperature change","185","Russian Federation","7271","Temperature change","7011","November","2006","2006","°C","2.056","Fc","Calculated data"
"ET","Temperature change","185","Russian Federation","7271","Temperature change","7011","November","2007","2007","°C","2.638","Fc","Calculated data"
"ET","Temperature change","185","Russian Federation","7271","Temperature change","7011","November","2008","2008","°C","3.457","Fc","Calculated data"
"ET","Temperature change","185","Russian Federation","7271","Temperature change","7011","November","2009","2009","°C","0.242","Fc","Calculated data"
"ET","Temperature change","185","Russian Federation","7271","Temperature change","7011","November","2010","2010","°C","3.89","Fc","Calculated data"
"ET","Temperature change","185","Russian Federation","7271","Temperature change","7011","November","2011","2011","°C","1.219","Fc","Calculated data"
"ET","Temperature change","185","Russian Federation","7271","Temperature change","7011","November","2012","2012","°C","2.662","Fc","Calculated data"
"ET","Temperature change","185","Russian Federation","7271","Temperature change","7011","November","2013","2013","°C","5.397","Fc","Calculated data"
"ET","Temperature change","185","Russian Federation","7271","Temperature change","7011","November","2014","2014","°C","1.327","Fc","Calculated data"
"ET","Temperature change","185","Russian Federation","7271","Temperature change","7011","November","2015","2015","°C","1.582","Fc","Calculated data"
"ET","Temperature change","185","Russian Federation","7271","Temperature change","7011","November","2016","2016","°C","-0.559","Fc","Calculated data"
"ET","Temperature change","185","Russian Federation","7271","Temperature change","7011","November","2017","2017","°C","2.714","Fc","Calculated data"
"ET","Temperature change","185","Russian Federation","7271","Temperature change","7011","November","2018","2018","°C","1.695","Fc","Calculated data"
"ET","Temperature change","185","Russian Federation","7271","Temperature change","7011","November","2019","2019","°C","1.736","Fc","Calculated data"
"ET","Temperature change","185","Russian Federation","6078","Standard Deviation","7011","November","2001","2001","°C","","NA",""
"ET","Temperature change","185","Russian Federation","6078","Standard Deviation","7011","November","2002","2002","°C","","NA",""
"ET","Temperature change","185","Russian Federation","6078","Standard Deviation","7011","November","2003","2003","°C","","NA",""
"ET","Temperature change","185","Russian Federation","6078","Standard Deviation","7011","November","2004","2004","°C","","NA",""
"ET","Temperature change","185","Russian Federation","6078","Standard Deviation","7011","November","2005","2005","°C","","NA",""
"ET","Temperature change","185","Russian Federation","6078","Standard Deviation","7011","November","2006","2006","°C","","NA",""
"ET","Temperature change","185","Russian Federation","6078","Standard Deviation","7011","November","2007","2007","°C","","NA",""
"ET","Temperature change","185","Russian Federation","6078","Standard Deviation","7011","November","2008","2008","°C","","NA",""
"ET","Temperature change","185","Russian Federation","6078","Standard Deviation","7011","November","2009","2009","°C","","NA",""
"ET","Temperature change","185","Russian Federation","6078","Standard Deviation","7011","November","2010","2010","°C","","NA",""
"ET","Temperature change","185","Russian Federation","6078","Standard Deviation","7011","November","2011","2011","°C","","NA",""
"ET","Temperature change","185","Russian Federation","6078","Standard Deviation","7011","November","2012","2012","°C","","NA",""
"ET","Temperature change","185","Russian Federation","6078","Standard Deviation","7011","November","2013","2013","°C","","NA",""
"ET","Temperature change","185","Russian Federation","6078","Standard Deviation","7011","November","2014","2014","°C","","NA",""
"ET","Temperature change","185","Russian Federation","6078","Standard Deviation","7011","November","2015","2015","°C","","NA",""
"ET","Temperature change","185","Russian Federation","6078","Standard Deviation","7011","November","2016","2016","°C","","NA",""
"ET","Temperature change","185","Russian Federation","6078","Standard Deviation","7011","November","2017","2017","°C","","NA",""
"ET","Temperature change","185","Russian Federation","6078","Standard Deviation","7011","November","2018","2018","°C","","NA",""
"ET","Temperature change","185","Russian Federation","6078","Standard Deviation","7011","November","2019","2019","°C","","NA",""
"ET","Temperature change","185","Russian Federation","7271","Temperature change","7012","December","2001","2001","°C","-0.059","Fc","Calculated data"
"ET","Temperature change","185","Russian Federation","7271","Temperature change","7012","December","2002","2002","°C","-3.302","Fc","Calculated data"
"ET","Temperature change","185","Russian Federation","7271","Temperature change","7012","December","2003","2003","°C","3.835","Fc","Calculated data"
"ET","Temperature change","185","Russian Federation","7271","Temperature change","7012","December","2004","2004","°C","-0.983","Fc","Calculated data"
"ET","Temperature change","185","Russian Federation","7271","Temperature change","7012","December","2005","2005","°C","1.442","Fc","Calculated data"
"ET","Temperature change","185","Russian Federation","7271","Temperature change","7012","December","2006","2006","°C","3.575","Fc","Calculated data"
"ET","Temperature change","185","Russian Federation","7271","Temperature change","7012","December","2007","2007","°C","3.273","Fc","Calculated data"
"ET","Temperature change","185","Russian Federation","7271","Temperature change","7012","December","2008","2008","°C","2.263","Fc","Calculated data"
"ET","Temperature change","185","Russian Federation","7271","Temperature change","7012","December","2009","2009","°C","-1.739","Fc","Calculated data"
"ET","Temperature change","185","Russian Federation","7271","Temperature change","7012","December","2010","2010","°C","-0.679","Fc","Calculated data"
"ET","Temperature change","185","Russian Federation","7271","Temperature change","7012","December","2011","2011","°C","3.057","Fc","Calculated data"
"ET","Temperature change","185","Russian Federation","7271","Temperature change","7012","December","2012","2012","°C","-1.421","Fc","Calculated data"
"ET","Temperature change","185","Russian Federation","7271","Temperature change","7012","December","2013","2013","°C","4.956","Fc","Calculated data"
"ET","Temperature change","185","Russian Federation","7271","Temperature change","7012","December","2014","2014","°C","2.641","Fc","Calculated data"
"ET","Temperature change","185","Russian Federation","7271","Temperature change","7012","December","2015","2015","°C","3.905","Fc","Calculated data"
"ET","Temperature change","185","Russian Federation","7271","Temperature change","7012","December","2016","2016","°C","0.527","Fc","Calculated data"
"ET","Temperature change","185","Russian Federation","7271","Temperature change","7012","December","2017","2017","°C","3.645","Fc","Calculated data"
"ET","Temperature change","185","Russian Federation","7271","Temperature change","7012","December","2018","2018","°C","0.862","Fc","Calculated data"
"ET","Temperature change","185","Russian Federation","7271","Temperature change","7012","December","2019","2019","°C","2.867","Fc","Calculated data"
"ET","Temperature change","185","Russian Federation","6078","Standard Deviation","7012","December","2001","2001","°C","","NA",""
"ET","Temperature change","185","Russian Federation","6078","Standard Deviation","7012","December","2002","2002","°C","","NA",""
"ET","Temperature change","185","Russian Federation","6078","Standard Deviation","7012","December","2003","2003","°C","","NA",""
"ET","Temperature change","185","Russian Federation","6078","Standard Deviation","7012","December","2004","2004","°C","","NA",""
"ET","Temperature change","185","Russian Federation","6078","Standard Deviation","7012","December","2005","2005","°C","","NA",""
"ET","Temperature change","185","Russian Federation","6078","Standard Deviation","7012","December","2006","2006","°C","","NA",""
"ET","Temperature change","185","Russian Federation","6078","Standard Deviation","7012","December","2007","2007","°C","","NA",""
"ET","Temperature change","185","Russian Federation","6078","Standard Deviation","7012","December","2008","2008","°C","","NA",""
"ET","Temperature change","185","Russian Federation","6078","Standard Deviation","7012","December","2009","2009","°C","","NA",""
"ET","Temperature change","185","Russian Federation","6078","Standard Deviation","7012","December","2010","2010","°C","","NA",""
"ET","Temperature change","185","Russian Federation","6078","Standard Deviation","7012","December","2011","2011","°C","","NA",""
"ET","Temperature change","185","Russian Federation","6078","Standard Deviation","7012","December","2012","2012","°C","","NA",""
"ET","Temperature change","185","Russian Federation","6078","Standard Deviation","7012","December","2013","2013","°C","","NA",""
"ET","Temperature change","185","Russian Federation","6078","Standard Deviation","7012","December","2014","2014","°C","","NA",""
"ET","Temperature change","185","Russian Federation","6078","Standard Deviation","7012","December","2015","2015","°C","","NA",""
"ET","Temperature change","185","Russian Federation","6078","Standard Deviation","7012","December","2016","2016","°C","","NA",""
"ET","Temperature change","185","Russian Federation","6078","Standard Deviation","7012","December","2017","2017","°C","","NA",""
"ET","Temperature change","185","Russian Federation","6078","Standard Deviation","7012","December","2018","2018","°C","","NA",""
"ET","Temperature change","185","Russian Federation","6078","Standard Deviation","7012","December","2019","2019","°C","","NA",""
"ET","Temperature change","185","Russian Federation","7271","Temperature change","7016","Dec–Jan–Feb","2001","2001","°C","-0.728","Fc","Calculated data"
"ET","Temperature change","185","Russian Federation","7271","Temperature change","7016","Dec–Jan–Feb","2002","2002","°C","2.456","Fc","Calculated data"
"ET","Temperature change","185","Russian Federation","7271","Temperature change","7016","Dec–Jan–Feb","2003","2003","°C","0.072","Fc","Calculated data"
"ET","Temperature change","185","Russian Federation","7271","Temperature change","7016","Dec–Jan–Feb","2004","2004","°C","2.79","Fc","Calculated data"
"ET","Temperature change","185","Russian Federation","7271","Temperature change","7016","Dec–Jan–Feb","2005","2005","°C","1.015","Fc","Calculated data"
"ET","Temperature change","185","Russian Federation","7271","Temperature change","7016","Dec–Jan–Feb","2006","2006","°C","-0.13","Fc","Calculated data"
"ET","Temperature change","185","Russian Federation","7271","Temperature change","7016","Dec–Jan–Feb","2007","2007","°C","3.46","Fc","Calculated data"
"ET","Temperature change","185","Russian Federation","7271","Temperature change","7016","Dec–Jan–Feb","2008","2008","°C","3.068","Fc","Calculated data"
"ET","Temperature change","185","Russian Federation","7271","Temperature change","7016","Dec–Jan–Feb","2009","2009","°C","1.285","Fc","Calculated data"
"ET","Temperature change","185","Russian Federation","7271","Temperature change","7016","Dec–Jan–Feb","2010","2010","°C","-1.371","Fc","Calculated data"
"ET","Temperature change","185","Russian Federation","7271","Temperature change","7016","Dec–Jan–Feb","2011","2011","°C","0.357","Fc","Calculated data"
"ET","Temperature change","185","Russian Federation","7271","Temperature change","7016","Dec–Jan–Feb","2012","2012","°C","1.885","Fc","Calculated data"
"ET","Temperature change","185","Russian Federation","7271","Temperature change","7016","Dec–Jan–Feb","2013","2013","°C","0.109","Fc","Calculated data"
"ET","Temperature change","185","Russian Federation","7271","Temperature change","7016","Dec–Jan–Feb","2014","2014","°C","2.05","Fc","Calculated data"
"ET","Temperature change","185","Russian Federation","7271","Temperature change","7016","Dec–Jan–Feb","2015","2015","°C","3.712","Fc","Calculated data"
"ET","Temperature change","185","Russian Federation","7271","Temperature change","7016","Dec–Jan–Feb","2016","2016","°C","3.95","Fc","Calculated data"
"ET","Temperature change","185","Russian Federation","7271","Temperature change","7016","Dec–Jan–Feb","2017","2017","°C","2.506","Fc","Calculated data"
"ET","Temperature change","185","Russian Federation","7271","Temperature change","7016","Dec–Jan–Feb","2018","2018","°C","3.12","Fc","Calculated data"
"ET","Temperature change","185","Russian Federation","7271","Temperature change","7016","Dec–Jan–Feb","2019","2019","°C","2.529","Fc","Calculated data"
"ET","Temperature change","185","Russian Federation","6078","Standard Deviation","7016","Dec–Jan–Feb","2001","2001","°C","","NA",""
"ET","Temperature change","185","Russian Federation","6078","Standard Deviation","7016","Dec–Jan–Feb","2002","2002","°C","","NA",""
"ET","Temperature change","185","Russian Federation","6078","Standard Deviation","7016","Dec–Jan–Feb","2003","2003","°C","","NA",""
"ET","Temperature change","185","Russian Federation","6078","Standard Deviation","7016","Dec–Jan–Feb","2004","2004","°C","","NA",""
"ET","Temperature change","185","Russian Federation","6078","Standard Deviation","7016","Dec–Jan–Feb","2005","2005","°C","","NA",""
"ET","Temperature change","185","Russian Federation","6078","Standard Deviation","7016","Dec–Jan–Feb","2006","2006","°C","","NA",""
"ET","Temperature change","185","Russian Federation","6078","Standard Deviation","7016","Dec–Jan–Feb","2007","2007","°C","","NA",""
"ET","Temperature change","185","Russian Federation","6078","Standard Deviation","7016","Dec–Jan–Feb","2008","2008","°C","","NA",""
"ET","Temperature change","185","Russian Federation","6078","Standard Deviation","7016","Dec–Jan–Feb","2009","2009","°C","","NA",""
"ET","Temperature change","185","Russian Federation","6078","Standard Deviation","7016","Dec–Jan–Feb","2010","2010","°C","","NA",""
"ET","Temperature change","185","Russian Federation","6078","Standard Deviation","7016","Dec–Jan–Feb","2011","2011","°C","","NA",""
"ET","Temperature change","185","Russian Federation","6078","Standard Deviation","7016","Dec–Jan–Feb","2012","2012","°C","","NA",""
"ET","Temperature change","185","Russian Federation","6078","Standard Deviation","7016","Dec–Jan–Feb","2013","2013","°C","","NA",""
"ET","Temperature change","185","Russian Federation","6078","Standard Deviation","7016","Dec–Jan–Feb","2014","2014","°C","","NA",""
"ET","Temperature change","185","Russian Federation","6078","Standard Deviation","7016","Dec–Jan–Feb","2015","2015","°C","","NA",""
"ET","Temperature change","185","Russian Federation","6078","Standard Deviation","7016","Dec–Jan–Feb","2016","2016","°C","","NA",""
"ET","Temperature change","185","Russian Federation","6078","Standard Deviation","7016","Dec–Jan–Feb","2017","2017","°C","","NA",""
"ET","Temperature change","185","Russian Federation","6078","Standard Deviation","7016","Dec–Jan–Feb","2018","2018","°C","","NA",""
"ET","Temperature change","185","Russian Federation","6078","Standard Deviation","7016","Dec–Jan–Feb","2019","2019","°C","","NA",""
"ET","Temperature change","185","Russian Federation","7271","Temperature change","7017","Mar–Apr–May","2001","2001","°C","1.501","Fc","Calculated data"
"ET","Temperature change","185","Russian Federation","7271","Temperature change","7017","Mar–Apr–May","2002","2002","°C","2.504","Fc","Calculated data"
"ET","Temperature change","185","Russian Federation","7271","Temperature change","7017","Mar–Apr–May","2003","2003","°C","1.885","Fc","Calculated data"
"ET","Temperature change","185","Russian Federation","7271","Temperature change","7017","Mar–Apr–May","2004","2004","°C","0.779","Fc","Calculated data"
"ET","Temperature change","185","Russian Federation","7271","Temperature change","7017","Mar–Apr–May","2005","2005","°C","1.75","Fc","Calculated data"
"ET","Temperature change","185","Russian Federation","7271","Temperature change","7017","Mar–Apr–May","2006","2006","°C","0.232","Fc","Calculated data"
"ET","Temperature change","185","Russian Federation","7271","Temperature change","7017","Mar–Apr–May","2007","2007","°C","3.024","Fc","Calculated data"
"ET","Temperature change","185","Russian Federation","7271","Temperature change","7017","Mar–Apr–May","2008","2008","°C","2.499","Fc","Calculated data"
"ET","Temperature change","185","Russian Federation","7271","Temperature change","7017","Mar–Apr–May","2009","2009","°C","1.615","Fc","Calculated data"
"ET","Temperature change","185","Russian Federation","7271","Temperature change","7017","Mar–Apr–May","2010","2010","°C","1.323","Fc","Calculated data"
"ET","Temperature change","185","Russian Federation","7271","Temperature change","7017","Mar–Apr–May","2011","2011","°C","3.439","Fc","Calculated data"
"ET","Temperature change","185","Russian Federation","7271","Temperature change","7017","Mar–Apr–May","2012","2012","°C","2.165","Fc","Calculated data"
"ET","Temperature change","185","Russian Federation","7271","Temperature change","7017","Mar–Apr–May","2013","2013","°C","1.401","Fc","Calculated data"
"ET","Temperature change","185","Russian Federation","7271","Temperature change","7017","Mar–Apr–May","2014","2014","°C","3.665","Fc","Calculated data"
"ET","Temperature change","185","Russian Federation","7271","Temperature change","7017","Mar–Apr–May","2015","2015","°C","2.838","Fc","Calculated data"
"ET","Temperature change","185","Russian Federation","7271","Temperature change","7017","Mar–Apr–May","2016","2016","°C","3.383","Fc","Calculated data"
"ET","Temperature change","185","Russian Federation","7271","Temperature change","7017","Mar–Apr–May","2017","2017","°C","3.556","Fc","Calculated data"
"ET","Temperature change","185","Russian Federation","7271","Temperature change","7017","Mar–Apr–May","2018","2018","°C","1.27","Fc","Calculated data"
"ET","Temperature change","185","Russian Federation","7271","Temperature change","7017","Mar–Apr–May","2019","2019","°C","3.394","Fc","Calculated data"
"ET","Temperature change","185","Russian Federation","6078","Standard Deviation","7017","Mar–Apr–May","2001","2001","°C","","NA",""
"ET","Temperature change","185","Russian Federation","6078","Standard Deviation","7017","Mar–Apr–May","2002","2002","°C","","NA",""
"ET","Temperature change","185","Russian Federation","6078","Standard Deviation","7017","Mar–Apr–May","2003","2003","°C","","NA",""
"ET","Temperature change","185","Russian Federation","6078","Standard Deviation","7017","Mar–Apr–May","2004","2004","°C","","NA",""
"ET","Temperature change","185","Russian Federation","6078","Standard Deviation","7017","Mar–Apr–May","2005","2005","°C","","NA",""
"ET","Temperature change","185","Russian Federation","6078","Standard Deviation","7017","Mar–Apr–May","2006","2006","°C","","NA",""
"ET","Temperature change","185","Russian Federation","6078","Standard Deviation","7017","Mar–Apr–May","2007","2007","°C","","NA",""
"ET","Temperature change","185","Russian Federation","6078","Standard Deviation","7017","Mar–Apr–May","2008","2008","°C","","NA",""
"ET","Temperature change","185","Russian Federation","6078","Standard Deviation","7017","Mar–Apr–May","2009","2009","°C","","NA",""
"ET","Temperature change","185","Russian Federation","6078","Standard Deviation","7017","Mar–Apr–May","2010","2010","°C","","NA",""
"ET","Temperature change","185","Russian Federation","6078","Standard Deviation","7017","Mar–Apr–May","2011","2011","°C","","NA",""
"ET","Temperature change","185","Russian Federation","6078","Standard Deviation","7017","Mar–Apr–May","2012","2012","°C","","NA",""
"ET","Temperature change","185","Russian Federation","6078","Standard Deviation","7017","Mar–Apr–May","2013","2013","°C","","NA",""
"ET","Temperature change","185","Russian Federation","6078","Standard Deviation","7017","Mar–Apr–May","2014","2014","°C","","NA",""
"ET","Temperature change","185","Russian Federation","6078","Standard Deviation","7017","Mar–Apr–May","2015","2015","°C","","NA",""
"ET","Temperature change","185","Russian Federation","6078","Standard Deviation","7017","Mar–Apr–May","2016","2016","°C","","NA",""
"ET","Temperature change","185","Russian Federation","6078","Standard Deviation","7017","Mar–Apr–May","2017","2017","°C","","NA",""
"ET","Temperature change","185","Russian Federation","6078","Standard Deviation","7017","Mar–Apr–May","2018","2018","°C","","NA",""
"ET","Temperature change","185","Russian Federation","6078","Standard Deviation","7017","Mar–Apr–May","2019","2019","°C","","NA",""
"ET","Temperature change","185","Russian Federation","7271","Temperature change","7018","Jun–Jul–Aug","2001","2001","°C","1.246","Fc","Calculated data"
"ET","Temperature change","185","Russian Federation","7271","Temperature change","7018","Jun–Jul–Aug","2002","2002","°C","0.914","Fc","Calculated data"
"ET","Temperature change","185","Russian Federation","7271","Temperature change","7018","Jun–Jul–Aug","2003","2003","°C","0.859","Fc","Calculated data"
"ET","Temperature change","185","Russian Federation","7271","Temperature change","7018","Jun–Jul–Aug","2004","2004","°C","0.386","Fc","Calculated data"
"ET","Temperature change","185","Russian Federation","7271","Temperature change","7018","Jun–Jul–Aug","2005","2005","°C","1.061","Fc","Calculated data"
"ET","Temperature change","185","Russian Federation","7271","Temperature change","7018","Jun–Jul–Aug","2006","2006","°C","0.906","Fc","Calculated data"
"ET","Temperature change","185","Russian Federation","7271","Temperature change","7018","Jun–Jul–Aug","2007","2007","°C","1.192","Fc","Calculated data"
"ET","Temperature change","185","Russian Federation","7271","Temperature change","7018","Jun–Jul–Aug","2008","2008","°C","0.991","Fc","Calculated data"
"ET","Temperature change","185","Russian Federation","7271","Temperature change","7018","Jun–Jul–Aug","2009","2009","°C","0.563","Fc","Calculated data"
"ET","Temperature change","185","Russian Federation","7271","Temperature change","7018","Jun–Jul–Aug","2010","2010","°C","1.549","Fc","Calculated data"
"ET","Temperature change","185","Russian Federation","7271","Temperature change","7018","Jun–Jul–Aug","2011","2011","°C","1.329","Fc","Calculated data"
"ET","Temperature change","185","Russian Federation","7271","Temperature change","7018","Jun–Jul–Aug","2012","2012","°C","1.59","Fc","Calculated data"
"ET","Temperature change","185","Russian Federation","7271","Temperature change","7018","Jun–Jul–Aug","2013","2013","°C","1.206","Fc","Calculated data"
"ET","Temperature change","185","Russian Federation","7271","Temperature change","7018","Jun–Jul–Aug","2014","2014","°C","0.883","Fc","Calculated data"
"ET","Temperature change","185","Russian Federation","7271","Temperature change","7018","Jun–Jul–Aug","2015","2015","°C","1.169","Fc","Calculated data"
"ET","Temperature change","185","Russian Federation","7271","Temperature change","7018","Jun–Jul–Aug","2016","2016","°C","1.825","Fc","Calculated data"
"ET","Temperature change","185","Russian Federation","7271","Temperature change","7018","Jun–Jul–Aug","2017","2017","°C","1.082","Fc","Calculated data"
"ET","Temperature change","185","Russian Federation","7271","Temperature change","7018","Jun–Jul–Aug","2018","2018","°C","1.264","Fc","Calculated data"
"ET","Temperature change","185","Russian Federation","7271","Temperature change","7018","Jun–Jul–Aug","2019","2019","°C","1.106","Fc","Calculated data"
"ET","Temperature change","185","Russian Federation","6078","Standard Deviation","7018","Jun–Jul–Aug","2001","2001","°C","","NA",""
"ET","Temperature change","185","Russian Federation","6078","Standard Deviation","7018","Jun–Jul–Aug","2002","2002","°C","","NA",""
"ET","Temperature change","185","Russian Federation","6078","Standard Deviation","7018","Jun–Jul–Aug","2003","2003","°C","","NA",""
"ET","Temperature change","185","Russian Federation","6078","Standard Deviation","7018","Jun–Jul–Aug","2004","2004","°C","","NA",""
"ET","Temperature change","185","Russian Federation","6078","Standard Deviation","7018","Jun–Jul–Aug","2005","2005","°C","","NA",""
"ET","Temperature change","185","Russian Federation","6078","Standard Deviation","7018","Jun–Jul–Aug","2006","2006","°C","","NA",""
"ET","Temperature change","185","Russian Federation","6078","Standard Deviation","7018","Jun–Jul–Aug","2007","2007","°C","","NA",""
"ET","Temperature change","185","Russian Federation","6078","Standard Deviation","7018","Jun–Jul–Aug","2008","2008","°C","","NA",""
"ET","Temperature change","185","Russian Federation","6078","Standard Deviation","7018","Jun–Jul–Aug","2009","2009","°C","","NA",""
"ET","Temperature change","185","Russian Federation","6078","Standard Deviation","7018","Jun–Jul–Aug","2010","2010","°C","","NA",""
"ET","Temperature change","185","Russian Federation","6078","Standard Deviation","7018","Jun–Jul–Aug","2011","2011","°C","","NA",""
"ET","Temperature change","185","Russian Federation","6078","Standard Deviation","7018","Jun–Jul–Aug","2012","2012","°C","","NA",""
"ET","Temperature change","185","Russian Federation","6078","Standard Deviation","7018","Jun–Jul–Aug","2013","2013","°C","","NA",""
"ET","Temperature change","185","Russian Federation","6078","Standard Deviation","7018","Jun–Jul–Aug","2014","2014","°C","","NA",""
"ET","Temperature change","185","Russian Federation","6078","Standard Deviation","7018","Jun–Jul–Aug","2015","2015","°C","","NA",""
"ET","Temperature change","185","Russian Federation","6078","Standard Deviation","7018","Jun–Jul–Aug","2016","2016","°C","","NA",""
"ET","Temperature change","185","Russian Federation","6078","Standard Deviation","7018","Jun–Jul–Aug","2017","2017","°C","","NA",""
"ET","Temperature change","185","Russian Federation","6078","Standard Deviation","7018","Jun–Jul–Aug","2018","2018","°C","","NA",""
"ET","Temperature change","185","Russian Federation","6078","Standard Deviation","7018","Jun–Jul–Aug","2019","2019","°C","","NA",""
"ET","Temperature change","185","Russian Federation","7271","Temperature change","7019","Sep–Oct–Nov","2001","2001","°C","1.272","Fc","Calculated data"
"ET","Temperature change","185","Russian Federation","7271","Temperature change","7019","Sep–Oct–Nov","2002","2002","°C","0.516","Fc","Calculated data"
"ET","Temperature change","185","Russian Federation","7271","Temperature change","7019","Sep–Oct–Nov","2003","2003","°C","1.19","Fc","Calculated data"
"ET","Temperature change","185","Russian Federation","7271","Temperature change","7019","Sep–Oct–Nov","2004","2004","°C","1.681","Fc","Calculated data"
"ET","Temperature change","185","Russian Federation","7271","Temperature change","7019","Sep–Oct–Nov","2005","2005","°C","3.046","Fc","Calculated data"
"ET","Temperature change","185","Russian Federation","7271","Temperature change","7019","Sep–Oct–Nov","2006","2006","°C","1.27","Fc","Calculated data"
"ET","Temperature change","185","Russian Federation","7271","Temperature change","7019","Sep–Oct–Nov","2007","2007","°C","2.35","Fc","Calculated data"
"ET","Temperature change","185","Russian Federation","7271","Temperature change","7019","Sep–Oct–Nov","2008","2008","°C","2.394","Fc","Calculated data"
"ET","Temperature change","185","Russian Federation","7271","Temperature change","7019","Sep–Oct–Nov","2009","2009","°C","1.345","Fc","Calculated data"
"ET","Temperature change","185","Russian Federation","7271","Temperature change","7019","Sep–Oct–Nov","2010","2010","°C","2.059","Fc","Calculated data"
"ET","Temperature change","185","Russian Federation","7271","Temperature change","7019","Sep–Oct–Nov","2011","2011","°C","1.73","Fc","Calculated data"
"ET","Temperature change","185","Russian Federation","7271","Temperature change","7019","Sep–Oct–Nov","2012","2012","°C","2.125","Fc","Calculated data"
"ET","Temperature change","185","Russian Federation","7271","Temperature change","7019","Sep–Oct–Nov","2013","2013","°C","2.016","Fc","Calculated data"
"ET","Temperature change","185","Russian Federation","7271","Temperature change","7019","Sep–Oct–Nov","2014","2014","°C","0.488","Fc","Calculated data"
"ET","Temperature change","185","Russian Federation","7271","Temperature change","7019","Sep–Oct–Nov","2015","2015","°C","1.318","Fc","Calculated data"
"ET","Temperature change","185","Russian Federation","7271","Temperature change","7019","Sep–Oct–Nov","2016","2016","°C","0.727","Fc","Calculated data"
"ET","Temperature change","185","Russian Federation","7271","Temperature change","7019","Sep–Oct–Nov","2017","2017","°C","1.424","Fc","Calculated data"
"ET","Temperature change","185","Russian Federation","7271","Temperature change","7019","Sep–Oct–Nov","2018","2018","°C","2.578","Fc","Calculated data"
"ET","Temperature change","185","Russian Federation","7271","Temperature change","7019","Sep–Oct–Nov","2019","2019","°C","1.739","Fc","Calculated data"
"ET","Temperature change","185","Russian Federation","6078","Standard Deviation","7019","Sep–Oct–Nov","2001","2001","°C","","NA",""
"ET","Temperature change","185","Russian Federation","6078","Standard Deviation","7019","Sep–Oct–Nov","2002","2002","°C","","NA",""
"ET","Temperature change","185","Russian Federation","6078","Standard Deviation","7019","Sep–Oct–Nov","2003","2003","°C","","NA",""
"ET","Temperature change","185","Russian Federation","6078","Standard Deviation","7019","Sep–Oct–Nov","2004","2004","°C","","NA",""
"ET","Temperature change","185","Russian Federation","6078","Standard Deviation","7019","Sep–Oct–Nov","2005","2005","°C","","NA",""
"ET","Temperature change","185","Russian Federation","6078","Standard Deviation","7019","Sep–Oct–Nov","2006","2006","°C","","NA",""
"ET","Temperature change","185","Russian Federation","6078","Standard Deviation","7019","Sep–Oct–Nov","2007","2007","°C","","NA",""
"ET","Temperature change","185","Russian Federation","6078","Standard Deviation","7019","Sep–Oct–Nov","2008","2008","°C","","NA",""
"ET","Temperature change","185","Russian Federation","6078","Standard Deviation","7019","Sep–Oct–Nov","2009","2009","°C","","NA",""
"ET","Temperature change","185","Russian Federation","6078","Standard Deviation","7019","Sep–Oct–Nov","2010","2010","°C","","NA",""
"ET","Temperature change","185","Russian Federation","6078","Standard Deviation","7019","Sep–Oct–Nov","2011","2011","°C","","NA",""
"ET","Temperature change","185","Russian Federation","6078","Standard Deviation","7019","Sep–Oct–Nov","2012","2012","°C","","NA",""
"ET","Temperature change","185","Russian Federation","6078","Standard Deviation","7019","Sep–Oct–Nov","2013","2013","°C","","NA",""
"ET","Temperature change","185","Russian Federation","6078","Standard Deviation","7019","Sep–Oct–Nov","2014","2014","°C","","NA",""
"ET","Temperature change","185","Russian Federation","6078","Standard Deviation","7019","Sep–Oct–Nov","2015","2015","°C","","NA",""
"ET","Temperature change","185","Russian Federation","6078","Standard Deviation","7019","Sep–Oct–Nov","2016","2016","°C","","NA",""
"ET","Temperature change","185","Russian Federation","6078","Standard Deviation","7019","Sep–Oct–Nov","2017","2017","°C","","NA",""
"ET","Temperature change","185","Russian Federation","6078","Standard Deviation","7019","Sep–Oct–Nov","2018","2018","°C","","NA",""
"ET","Temperature change","185","Russian Federation","6078","Standard Deviation","7019","Sep–Oct–Nov","2019","2019","°C","","NA",""
"ET","Temperature change","185","Russian Federation","7271","Temperature change","7020","Meteorological year","2001","2001","°C","0.823","Fc","Calculated data"
"ET","Temperature change","185","Russian Federation","7271","Temperature change","7020","Meteorological year","2002","2002","°C","1.597","Fc","Calculated data"
"ET","Temperature change","185","Russian Federation","7271","Temperature change","7020","Meteorological year","2003","2003","°C","1.002","Fc","Calculated data"
"ET","Temperature change","185","Russian Federation","7271","Temperature change","7020","Meteorological year","2004","2004","°C","1.409","Fc","Calculated data"
"ET","Temperature change","185","Russian Federation","7271","Temperature change","7020","Meteorological year","2005","2005","°C","1.718","Fc","Calculated data"
"ET","Temperature change","185","Russian Federation","7271","Temperature change","7020","Meteorological year","2006","2006","°C","0.57","Fc","Calculated data"
"ET","Temperature change","185","Russian Federation","7271","Temperature change","7020","Meteorological year","2007","2007","°C","2.506","Fc","Calculated data"
"ET","Temperature change","185","Russian Federation","7271","Temperature change","7020","Meteorological year","2008","2008","°C","2.238","Fc","Calculated data"
"ET","Temperature change","185","Russian Federation","7271","Temperature change","7020","Meteorological year","2009","2009","°C","1.202","Fc","Calculated data"
"ET","Temperature change","185","Russian Federation","7271","Temperature change","7020","Meteorological year","2010","2010","°C","0.89","Fc","Calculated data"
"ET","Temperature change","185","Russian Federation","7271","Temperature change","7020","Meteorological year","2011","2011","°C","1.714","Fc","Calculated data"
"ET","Temperature change","185","Russian Federation","7271","Temperature change","7020","Meteorological year","2012","2012","°C","1.941","Fc","Calculated data"
"ET","Temperature change","185","Russian Federation","7271","Temperature change","7020","Meteorological year","2013","2013","°C","1.183","Fc","Calculated data"
"ET","Temperature change","185","Russian Federation","7271","Temperature change","7020","Meteorological year","2014","2014","°C","1.772","Fc","Calculated data"
"ET","Temperature change","185","Russian Federation","7271","Temperature change","7020","Meteorological year","2015","2015","°C","2.259","Fc","Calculated data"
"ET","Temperature change","185","Russian Federation","7271","Temperature change","7020","Meteorological year","2016","2016","°C","2.471","Fc","Calculated data"
"ET","Temperature change","185","Russian Federation","7271","Temperature change","7020","Meteorological year","2017","2017","°C","2.142","Fc","Calculated data"
"ET","Temperature change","185","Russian Federation","7271","Temperature change","7020","Meteorological year","2018","2018","°C","2.058","Fc","Calculated data"
"ET","Temperature change","185","Russian Federation","7271","Temperature change","7020","Meteorological year","2019","2019","°C","2.192","Fc","Calculated data"
"ET","Temperature change","185","Russian Federation","6078","Standard Deviation","7020","Meteorological year","2001","2001","°C","","NA",""
"ET","Temperature change","185","Russian Federation","6078","Standard Deviation","7020","Meteorological year","2002","2002","°C","","NA",""
"ET","Temperature change","185","Russian Federation","6078","Standard Deviation","7020","Meteorological year","2003","2003","°C","","NA",""
"ET","Temperature change","185","Russian Federation","6078","Standard Deviation","7020","Meteorological year","2004","2004","°C","","NA",""
"ET","Temperature change","185","Russian Federation","6078","Standard Deviation","7020","Meteorological year","2005","2005","°C","","NA",""
"ET","Temperature change","185","Russian Federation","6078","Standard Deviation","7020","Meteorological year","2006","2006","°C","","NA",""
"ET","Temperature change","185","Russian Federation","6078","Standard Deviation","7020","Meteorological year","2007","2007","°C","","NA",""
"ET","Temperature change","185","Russian Federation","6078","Standard Deviation","7020","Meteorological year","2008","2008","°C","","NA",""
"ET","Temperature change","185","Russian Federation","6078","Standard Deviation","7020","Meteorological year","2009","2009","°C","","NA",""
"ET","Temperature change","185","Russian Federation","6078","Standard Deviation","7020","Meteorological year","2010","2010","°C","","NA",""
"ET","Temperature change","185","Russian Federation","6078","Standard Deviation","7020","Meteorological year","2011","2011","°C","","NA",""
"ET","Temperature change","185","Russian Federation","6078","Standard Deviation","7020","Meteorological year","2012","2012","°C","","NA",""
"ET","Temperature change","185","Russian Federation","6078","Standard Deviation","7020","Meteorological year","2013","2013","°C","","NA",""
"ET","Temperature change","185","Russian Federation","6078","Standard Deviation","7020","Meteorological year","2014","2014","°C","","NA",""
"ET","Temperature change","185","Russian Federation","6078","Standard Deviation","7020","Meteorological year","2015","2015","°C","","NA",""
"ET","Temperature change","185","Russian Federation","6078","Standard Deviation","7020","Meteorological year","2016","2016","°C","","NA",""
"ET","Temperature change","185","Russian Federation","6078","Standard Deviation","7020","Meteorological year","2017","2017","°C","","NA",""
"ET","Temperature change","185","Russian Federation","6078","Standard Deviation","7020","Meteorological year","2018","2018","°C","","NA",""
"ET","Temperature change","185","Russian Federation","6078","Standard Deviation","7020","Meteorological year","2019","2019","°C","","NA",""
